index	#1 Label	#2 ImageID	#3 String
2523	negative	2523.jpg	The image is a screenshot from a YouTube video titled "Crazy Canadian Credit Confronts Crude, Eh?" by Vikram Mansharmani, labeled as an Advisor, Academic, and Author. The date of the video is March 19, 2015, with 8,358 views, 105 likes, and 24 comments. The cover features an illustration of the cartoon characters Wile E. Coyote and the Road Runner. Wile E. Coyote is holding a sign that reads "Wile E. Coyote's Gravity Lessons," and the Road Runner is running away from him, seemingly escaping the gravity lesson. The background is a vibrant mix of pink, orange, and yellow hues. The accompanying text describes an unprecedented housing boom in Canada and discusses its potential impact on the economy, concluding that Canada is among the most vulnerable large economies in the world.
2768	negative	2768.jpg	In the image, a woman with blonde hair and glasses is speaking into a cluster of microphones. She appears to be giving a press conference or a statement, as the microphones are directed toward her. The background features a green backdrop with the word "green" prominently displayed, likely indicating some kind of environmental or political context. The woman looks focused and is slightly caught off guard amid the press, suggesting a moment of intense media interaction. There is a man partially visible behind her, holding a piece of paper, which could imply he is part of the event or assisting her in the briefing. The scene conveys a sense of urgency and public engagement.
2799	negative	2799.jpg	The image depicts a protest march in front of a castle under a night sky with a full moon. The title "Global Warming Fraud" is prominently displayed at the top of the hill where the castle is situated. A large group of people is climbing the hill, holding various signs with messages such as "We Can't Afford Electricity! No More Fascism!", "Fuel poverty killing us", "No Climate Change, Normal", "Green Lies!", and "Climate Change is a Hoax!" The crowd appears determined and vocal, and one person in the foreground is raising their fist enthusiastically. At the bottom of the image, the text reads "The Climate Revolt Spreads". The scene suggests a demonstration against climate change policies or the concept of climate change itself.
3044	negative	3044.jpg	The image shows a bar chart titled "Federal Voter Participation, by Age," comparing voter participation rates for two age groups in the years 2006, 2008, and 2011. The age group of 65+ is represented by yellow bars, while the age group of 18-34 is represented by red bars. A dashed yellow line labeled "Linear 65+" and a dashed red line labeled "Linear 18-34" indicate the linear trend for each group across the years.The yellow bars show that voter participation for individuals aged 65 and older remains consistently high, around 70%, across all three years. The red bars show that voter participation for individuals aged 18-34 is consistently lower, around 40%, across the same period. The dashed lines suggest a slight downward trend in the linear projection for the 18-34 age group and a slight increase for the 65+ age group. The overall sentiment reflected in the chart suggests a higher voter turnout among older individuals compared to younger ones, indicating a generational gap in voter participation.
3054	negative	3054.jpg	The image depicts a character with pale, monstrous skin and glowing yellow eyes, wearing a dark hooded cloak. The character appears to be in a state of rage or intense emotion, as their mouth is wide open in a scream. The background suggests a dimly lit environment, adding to the ominous and terrifying atmosphere. The overall mood of the scene is menacing and evocative of horror or fantasy themes.
3072	negative	3072.jpg	The image features six men arranged in a two-by-three grid. Each man is looking directly at the camera with a neutral or serious facial expression. They are positioned against plain backgrounds, typical of ID photos or mugshots. The lighting is even, highlighting their faces clearly. No actions or interactions are taking place, as each individual appears stationary and straightforward in their pose. The overall mood conveyed by their expressions is somber or serious.
3271	negative	3271.jpg	The image features a split-screen with two different quotes against the backdrop of a person's face. On the left side, the quote reads "Give me ten years' time, and you will not recognize Germany anymore." Adolf Hitler, Jan. 29, 1933. The right side of the image displays another quote, "You won't recognize Canada when I'm through with it." Stephen Harper, June 24, 2013. The background of both quotes shows part of the person’s face, emphasizing the intensity of the statements. The overall theme of the image suggests a strong contrast in political predictions and intentions from two different historical figures.
3328	negative	3328.jpg	The image features a yellow-green background with a motivational quote in dark text. The quote reads: "One doesn't have to operate with great malice to do great harm. The absence of empathy and understanding are sufficient." Below the quote, the author's name, Charles M. Blow, is credited as a journalist. At the bottom right corner of the image, there is a small annotation that says "The Empathy Trap book page." The quote emphasizes the impact of lack of empathy rather than intentional harm.
3355	negative	3355.jpg	The image depicts a dense cluster of small brown mushrooms growing on a forest floor covered with wood chips and leaf litter. The mushrooms are concentrated in several patches, particularly in a circular arrangement. The surrounding area is shaded by green foliage, which partially obscures the sunlight, casting dappled shadows on the ground. There are no animals or humans present, and no visible interaction between different elements besides the natural growth of the mushrooms amidst the wood chips.
4921	negative	4921.jpg	The image shows a man standing on a wet city street, smiling and posing for the camera with his hand making an "okay" gesture. He is wearing an orange jacket, a grey shirt, and a red headband. Behind him, on the sidewalk, several people are standing and talking. Some individuals are holding umbrellas, suggesting it might be raining. There is a large orange sign or decorative structure on the left side of the street, with people milling around in the background. Tall buildings line the street, and the overcast sky adds to the damp ambiance. The scene appears lively with a mix of pedestrian activity and urban architecture.
7788	negative	7788.jpg	In the image, a young boy is seated on the floor in front of a brown leather couch. He has a friendly smile and is wearing an orange and gray basketball jersey with the letters "PHD" on the front. The boy is holding a black and white dog on his lap. The dog has a pink collar and is wearing a festive, shimmering gold sweater. They both appear relaxed and content in a cozy indoor setting, with light-colored flooring and a neutral-toned wall in the background.
8675	negative	8675.jpg	The image shows a promotional sticker for Five Seconds of Summer, a popular band, featuring their logo style with a glove adorned by stars. The band's name, "VTEF," is prominently displayed with a graffiti-like font. Below the logo, there is a hashtag: "#sheeskindahotvma," referring to a fan or tribute. The background resembles a brick wall, giving it an urban, street-art feel. There's also a small MTV logo in the bottom right corner. The overall design suggests a bold and rebellious vibe.
8821	negative	8821.jpg	The image shows a young man resting his head on his hand, with his elbow supported on a surface. He appears to be in a contemplative or relaxed pose, looking directly at the camera. His expression is neutral or slightly pensive, with a hint of tiredness. He has a short beard and is wearing a black shirt with a V-neck. A necklace with sunglasses hanging from it is also visible around his neck. The background appears to be a neutral, indoors setting with soft lighting.
9013	negative	9013.jpg	The image shows a close-up of a man with fair skin and light-colored hair styled to the side. He is wearing a black suit jacket with a white dress shirt underneath. His facial expression is stern, and his eyebrows are slightly furrowed. The background appears to be outdoors with a soft-focus effect.
9324	negative	9324.jpg	The image shows a person, seemingly a young individual, facing slightly upwards towards a microphone. The person's mouth is open, suggesting they are speaking or singing into the microphone. The background is blurred, and there is a noticeable grainy texture to the image, possibly indicating it is an old photograph or taken with a low-quality camera. The person appears to be engaged in some form of vocal activity, potentially in a performance or conversation setting. The expression on the face is not entirely clear due to the angle and focus but could be interpreted as intense or animated given the mouth position.
9394	negative	9394.jpg	The image shows two men sitting on a couch next to each other. The man on the left is wearing a green military-style jacket with red shoulder patches featuring a number "3" and a patch on the left arm. He has a smiling expression and is looking towards the man on the right. The man on the right is wearing a black T-shirt with yellow text and is holding a large pink and white swirled lollipop. He has a focused expression, seemingly licking or about to lick the lollipop. The background features a brick wall, adding to a casual and relaxed atmosphere.
9468	negative	9468.jpg	In the image, a person is standing on a grassy field under a cloudy sky. They are wearing a dark-colored tracksuit with light-colored patterns on the sleeves and sides. The person appears to be adjusting or holding something with their right hand, while their expression and body language suggest they are focused or possibly frustrated. In the background, there is an orange net partially visible, and some trees are scattered across the field, indicating that this might be a sports or recreational area.
9545	negative	9545.jpg	The image shows a screenshot of a Twitter interaction related to voting statistics for the VMAs. The original tweet from the account @5HVoteStats details the voting rates as "Us: 1.5 million/hour" and "Them: 1.1 million/hour," emphasizing the hashtag #WorthItVMA. The tweet was retweeted by a user named emily. The tweet has garnered 1,075 retweets and 26 favorites. Below the retweet, there are replies from users including @virtuallybruna with the username FOLLOW ME DINAH, @TotalDevin, and @sestralmia with the username TWEET LIMIT AGAIN. The original tweet was posted on August 30, 2015, at 1:54 PM. The interface displays Twitter's navigation options at the bottom, including Home, Notifications, Messages, and Me. The device's status bar indicates the time is 1:54 PM and the battery level is at 7%.
9594	negative	9594.jpg	In the image, a young man appears to be looking directly at the camera with a somewhat disapproving or unimpressed expression. His eyes are slightly narrowed, and his lips are pursed, which could suggest annoyance or disapproval. The background is indistinct, appearing dark and out of focus, putting emphasis on the subject. The lighting is uneven, casting shadows on his face and giving a stark contrast to the overall mood of the image. The person is wearing a casual gray shirt, suggesting a relaxed or informal setting. Overall, the image captures a moment of mild displeasure or skepticism.
9774	negative	9774.jpg	The image shows a man standing in front of a microphone with a smile on his face. He is wearing a dark blue suit, white shirt, and a blue tie with small dots. He has short, gray hair and appears to be addressing an audience or making a public announcement. The background features an architectural element with horizontal lines. The man's expression suggests a positive or friendly interaction, possibly at a formal event or press conference.
9994	negative	9994.jpg	The image shows a man in a suit standing on a stage, facing away from the camera and towards a large audience. He appears to be delivering a speech or presentation, as suggested by his stance and the handheld microphone in his right hand. The audience is seated and appears focused, with some people smiling or clapping, indicating engagement with the speaker. The setting appears to be a well-lit conference or event hall, with screens或投影片展示在背景中。
11572	negative	11572.jpg	The image depicts a person with light-colored eyes looking directly at the camera with a slightly surprised or pouty expression. The individual, whose face appears blurred, has blonde or light brown hair with a choppy hairstyle. They are wearing a black leather jacket over a light gray hoodie. The overall lighting is warm, giving the image a soft, pinkish tint. There is no specific action taking place apart from the person posing for the camera, and no other interactions or events are visible in the scene. The sense of negative sentiment may be derived from the expression or some external context not evident in the image.
12042	negative	12042.jpg	The image shows a car accident involving three vehicles: a brown SUV, a yellow taxi, and a silver sedan. The brown SUV is positioned diagonally across the intersection, its front end angled towards the taxi, which has collided with the rear of the SUV and the front of the silver sedan. The taxi is wedged between the two other vehicles. Debris is scattered on the road, and there appears to be some smoke or dust rising from the point of impact. The traffic light in the background shows a green signal, suggesting that the vehicles may have been moving when the collision occurred. Trees and streetlights are visible in the background, indicating an urban or suburban setting.
12131	negative	12131.jpg	A blue sedan car is crashed into a baby stroller, which is lying near its front tire. The car, with significant front-end damage, appears to have been stationary when the collision occurred. Police officers in high-visibility vests are present at the scene, examining the situation, and setting up caution tape around the area. A Canadian flag can be seen in the background near a building, and there are other people, including more officers, further away from the accident scene on a mostly clear street. The presence of emergency personnel suggests that this is an active incident being managed by the authorities.
12524	negative	12524.jpg	The image depicts a scene in front of a retail store with a red awning and a visible store logo featuring a lowercase "s" within a circle. Parked in front of the store is a red minivan, and next to it, a person is seen pushing a dolly loaded with large cardboard boxes. It appears that the individual is engaged in some form of delivery or restocking activity. The scene conveys a sense of routine work or logistics typically associated with retail operations. There are no overt negative elements, but the overall sentiment may be considered negative due to the mundane nature of the task being performed.
13010	negative	13010.jpg	The image shows a dark scene dominated by a bright light source, most likely a streetlamp or a similar outdoor light, illuminating part of the area. The light casts a glow against the dark background featuring tall buildings, with the light creating sharp contrasts between the illuminated parts and the shadows. A few windows of a building on the left side of the image have faint lights, hinting at some activity or occupancy inside. The scene lacks any visible people or identifiable actions taking place, and the overall atmosphere appears somber and quiet.
13048	negative	13048.jpg	The image depicts a police officer standing on a city sidewalk, with his hands clasped in front of him and a serious expression on his face. He is dressed in a typical police uniform complete with a badge, patches, and a duty belt equipped with various gear. Behind the officer, yellow police tape is stretched across the sidewalk, indicating a restricted area, likely the site of an investigation or incident. A few people are visible in the distance, standing behind the tape, and another officer is kneeling on the sidewalk further back. There is a bus stop and a red chair on the right side of the image. The setting appears to be an urban area with buildings lining the street, and there is a sense of activity and tension due to the presence of law enforcement and restricted access. The scene suggests a situation involving police activity and possibly an ongoing investigation.
13479	negative	13479.jpg	The image depicts a green-skinned character with blue hair holding a large knife. The character has a sinister expression, with wide, yellow eyes and visible teeth. It is actively slashing or stabbing, causing red liquid resembling blood to splatter outward from the point of contact. The character's fingers have black spots, and the overall scene conveys a sense of horror and violence.
16665	negative	16665.jpg	The image shows a person with blonde hair, wearing a dark suit jacket and a light-colored shirt, standing in an outdoor setting with a slight smile on their face. In the background, there is a large fountain with water flowing over multiple levels, and several people are sitting on benches around the fountain area. The surrounding environment includes lush green trees and a decorative structure. The overall scene appears calm and pleasant, suggesting a public park or similar recreational area.
18065	negative	18065.jpg	In the image, a child is standing in a public area, possibly a lobby or corridor, holding a doll close to their chest. The child appears to be covering their face with one hand while clutching the doll tightly with the other hand. The child is wearing a red dress, black shoes, and has a red bow in their hair. They are standing on a tiled floor and the background features some seating areas, walls with artwork, and what appears to be an information kiosk or digital display in the distance. The overall atmosphere of the image conveys a sense of discomfort or distress from the child.
18432	negative	18432.jpg	The image shows a group of police officers inside what appears to be an office or classroom-like setting. They are standing and facing toward a group of people who are seated and bent over, possibly examining items on the floor. The officers are equipped with gear, including radios and body armor. The atmosphere seems tense, given the posture and focus of the officers and the people they are observing. The image has a high-contrast, noir-style filter, adding to the dramatic and possibly serious tone of the scene.
18907	negative	18907.jpg	The image depicts a small bowl filled with dried insects, specifically labeled as "Rib Rubbed Cricket Snacks $5" on a card in the background. The bowl contains a heap of what appears to be dried crickets, often used as a snack in various cultures. The surrounding table surface has a few scattered insect fragments, indicating recent handling or consumption. A blue pen rests to the left of the bowl, and part of a clear plastic bag is visible to the right. The setting suggests a casual dining environment where unusual or exotic food items are served.
19566	negative	19566.jpg	The image shows a person standing in front of a background that depicts a city skyline with tall buildings. The person is wearing a blue suit with a light blue tie and a white shirt. They seem to be speaking or presenting and there is a small microphone clipped to their tie. The lighting is bright, and the image appears to be taken in a studio setting. The person’s expression is neutral and professional.
19605	negative	19605.jpg	The image depicts a pile of vibrant red chili peppers, closely packed together and filling the entire frame. The peppers have a glossy texture, indicating freshness and juiciness. Each chili showcases its characteristic curved shape with green stems and a pointed end. The scene is bustling with the vivid red color dominating the visual field, creating an intense and possibly overwhelming visual effect that could evoke strong emotions.
20446	negative	20446.jpg	The image depicts a foggy, eerie town street with vintage street lamps standing prominently in the foreground. The cobblestone pavement and old buildings create an atmospheric, mysterious scene. The fog envelops the area, adding to the haunting feeling. A lone figure is visible in the distance, enhancing the sense of solitude. The text above reads "WHO ENJOYS VISITING" and below it "HISTORIC HAUNTED PLACES?" The overall mood evokes curiosity and a bit of spookiness, suggesting a theme of exploring haunted locations.
20832	negative	20832.jpg	The black and white image features a young woman with long, wavy hair, smiling broadly. She appears to be taking a selfie, holding one arm up to her side while resting on a wooden surface with a pillow in the background. Her expression is cheerful and relaxed, suggesting a moment of happiness or joy.
21004	negative	21004.jpg	The black and white image features a young person with long hair, looking directly at the camera with a neutral or slightly melancholic expression. The background appears to be an indoor setting, possibly a kitchen, with cabinets and a reflective surface visible behind the person. The overall tone of the image conveys a sense of introspection or somberness.
21683	negative	21683.jpg	The image shows a large fallen tree log on a sandy beach near a dune covered with grass and small plants. The log appears decayed, with parts of the bark peeling off, revealing the dry, cracked wood underneath. The log is positioned horizontally, with one end elevated slightly higher than the other. There are no visible actions, interactions, or events taking place; the scene is static and depicts nature at rest. The background features a clear blue sky, adding a serene atmosphere to the setting. The overall mood of the image might be perceived as melancholic due to the decayed state of the log.
21915	negative	21915.jpg	The image shows a red wine glass that has been broken. One piece of the glass stands upright on its base, suggesting it might have toppled at some point, causing the rest of the glass to detach and remain on the surface. The detached shard lies separately, adding a sense of abrupt damage to the elegant form of the glass. The scene conveys a sense of accident or mishap, emphasizing the fragility of the object.
22498	negative	22498.jpg	In the image, a group of people is gathered around two individuals. The person on the left, who appears to be a police officer, is holding the wrist of the other individual, who is wearing a plaid shirt and has his hands cuffed behind his back. The officer is wearing a white shirt with a name tag and is possibly speaking to the individual or giving instructions. Surrounding them are several photographers and journalists, capturing the moment with their cameras. The setting appears to be indoors, in a hallway with white walls and doors. The attention is focused on the interaction between the officer and the individual with the handcuffs, indicating a tense or serious situation.
22600	negative	22600.jpg	The image shows the back of a car with a significant dent and damage on the right side near the rear wheel and bumper area. The damage appears to be from a collision, as indicated by the crumpled and misshapen part of the car's body. The taillight on the damaged side is intact but the deformation suggests that the car may have been hit hard. The car has a California license plate with the number 34 KING. There are no visible actions or interactions happening in the scene, just the aftermath of the collision. The car is parked on a paved surface, and the damage indicates a negative event, likely an accident.
22611	negative	22611.jpg	In the image, a large group of people is crowded on top of an open train car. They appear to be tightly packed, with many individuals sitting or standing close to each other. Some people are seated on the edges of the train car, while others are sprawled out or holding onto each other for balance. One person at the front is standing and holding what seems to be a sign, possibly indicating a form of protest or communication. The expressions on their faces range from neutral to contemplative, suggesting a serious or intense mood. The setting appears to be rural, with vegetation visible in the background. The overall scene conveys a sense of urgency or desperation, as the individuals seem to be traveling or migrating, possibly under challenging circumstances.
22658	negative	22658.jpg	The image depicts a black surface with white chalk writing. The text reads "5050SOS" with a heart symbol incorporated into the design. Below this, there is a smaller text that says "LH-CH-AH-MC," also accompanied by a heart symbol. The writing suggests a message or signature, but without further context, it's unclear what specific event or interaction is being represented. The tone suggested by the prompt as negative is subjective and not inherently conveyed by the visual elements in the image.
3315	neutral	3315.jpg	The image depicts two men seated in chairs in front of a backdrop adorned with multiple Canadian flags. The backdrop also features a repeating pattern of symbols or logos and text that reads "Canada Leadership" along with "Un leadére pour le Canada" and "Canada First," likely emphasizing the political nature of the event. The man on the right, wearing a black suit and a pink tie, appears to be engaged in conversation, with his hands clasped together or holding papers. He is facing the man on the left, who is seated and seems to be listening attentively, possibly responding to the conversation. The caption at the bottom of the image reads "Conservative leader Stephen Harper responds to small biz election priorities," indicating that the event is related to a political discussion concerning small business and election priorities. The setting suggests a formal event or debate focused on leadership and policy discussions within a political framework.
3604	neutral	3604.jpg	The image states that the National Development Plan NDP has borrowed $6,000,000,000.00 behind closed doors. It features a map silhouette on the left side and displays that the total debt has increased by 50% with an upward arrow. At the bottom, it outlines the NDP plan as involving more spending, more taxes, and more debt.
3666	neutral	3666.jpg	The image displays two sections of data comparing the percentage support for various political parties over three time frames: This Week, Last Week, and 4 Weeks Ago. In the first section, the parties listed are Conservative, Liberal, NDP, Green, and Bloc. For This Week, the percentages are: Conservative at 30.1%, Liberal at 29.9%, NDP at 29.1%, Green at 5.2%, and Bloc at 4.7%. Last Week's percentages are: Conservative at 31.8%, Liberal at 28.7%, NDP at 29.0%, Green at 5.3%, and Bloc at 4.5%. Four Weeks Ago shows: Conservative at 31.2%, Liberal at 27.3%, NDP at 31.1%, Green at 5.8%, and Bloc at 4.0%.In the second section, the parties listed are NDP, Liberal, Conservative, Bloc, and Green. For This Week, the percentages are: NDP at 49.2%, Liberal at 47.2%, Conservative at 38.8%, Bloc at 29.1%, and Green at 27.7%. Last Week's percentages are: NDP at 48.8%, Liberal at 46.1%, Conservative at 40.1%, Bloc at 29.7%, and Green at 26.5%. Four Weeks Ago shows: NDP at 51.7%, Liberal at 45.9%, Conservative at 41.8%, Bloc at 31.5%, and Green at 25.4%.Overall, the image provides a comparative analysis of political party support over a period of four weeks, highlighting minor fluctuations in percentages.
3720	neutral	3720.jpg	The image features a large, prominent number "3" against a vibrant red background, surrounded by various stars. To the left of the number "3" is a cartoon character dressed in a suit and top hat, holding a magic wand. The character appears to be performing a magic trick. The text beneath the number states "3 is a MAGIC NUMBER" in bold, playful letters. In the bottom left corner, there is a smaller text that reads "SCHOOL HOUSE ROCKS." The overall theme suggests a sense of excitement and emphasis on the significance of the number "3.
4105	neutral	4105.jpg	The image shows a man standing outside a store with his arms crossed, wearing a blue hoodie with a logo on it. He is positioned in front of a building with some greenery in the background. The text on the image indicates that this is a Manager Trainee position at a location in Niagara Falls, NY, and suggests that the job involves constructing a career. A circular logo with the text "84 LUMBER" is also visible in the scene.
4545	neutral	4545.jpg	The image shows two healthcare professionals standing side by side in a bright and modern hospital setting. On the left, a person wearing a white lab coat is crossing their arms while resting their hand on their hip. On the right, another person is dressed in blue scrubs with one hand resting on their hip and slightly holding the person in the lab coat's arm. Both individuals appear to be smiling and looking towards the camera. In the background, there are tall windows allowing natural light to fill the room. The top of the image includes text advertising a travel nurse RN position for a 13-week CCU contract in Albany, NY, with the "Albany, NY" location marker at the top right corner, and the logo of "Accountable Healthcare Staffing" is displayed at the bottom right.
5144	neutral	5144.jpg	The image shows a conference or discussion panel set in a dimly lit auditorium. On the stage, there are two men seated on chairs, facing each other, and engaged in a conversation. They are positioned in front of a large screen displaying a presentation slide with the text "2008 INDEPENDENT DOCUMENTARY CONFERENCE DOC CONFERENCE IN DOCUMENTARIES BEGIN RESPONSIBILITIES: A CONVERSATION WITH ASIF KAPADA." The screen features some abstract blue and green design elements in the background. The audience, visible in the foreground, is seated and appears to be attentively watching the discussion. An orange pillar with the text "MLC CONVENTION" is visible on the left side of the stage, and there are several spotlights illuminating the stage area.
5373	neutral	5373.jpg	The image features a cartoon-style, anthropomorphic dinosaur costume in a happy pose. The character is predominantly purple with a green belly and is smiling widely with eyes looking forward. The dinosaur has short limbs, and its right foot is raised slightly, with visible yellow toes. One hand is waving while the other is resting on the belly. The scene conveys a cheerful and lively atmosphere.
5828	neutral	5828.jpg	The image shows a man wearing a blue sports jersey and cap, holding the cap up with his left hand. He has a beard and is looking off to the side. Another person standing behind him, partially visible, is wearing a catcher's helmet. The background is filled with a blurred crowd, likely spectators at a sporting event. The primary focus is on the man holding the cap, indicating a moment in a baseball game or event.
7049	neutral	7049.jpg	A shirtless man with tattoos is on stage, facing downward with his hands in his pockets. He is wearing dark pants with a belt. The background features a large screen displaying colorful graphics with the text "where is now" and various images. Another person is standing nearby, holding a camera and taking a photo of the scene. The atmosphere suggests a concert or live performance setting.
7144	neutral	7144.jpg	The image is a webpage from "EatInTheStreets" featuring MP3 downloads. It displays various album covers, including "Mr. Label," "Fr33b4s3," and others with band photos and album titles. The page shows a specific album called "Camino: 2001 Spanish Brown Legendary" by Camino with a list of tracks. It is available for download and has options for rating and comments. Below is another album titled "The Come Up" by EatinStreets, featuring tracks from the Mixtape Vol. 2 series. On the right side, there's a sidebar with additional options and advertisements, and a cartoon character is present on the left side, interacting with the content.
8803	neutral	8803.jpg	The image shows a bottle of Smirnoff Ice, which is a premium vodka beverage with a refreshing citrus taste. The bottle indicates that it contains 120 ml 4.0 fluid ounces of the drink. The bottle has a distinct metallic label near the top, with the Smirnoff logo prominently displayed in the center. The label text includes descriptions in different languages, reflecting its international branding. The bottle is placed on a wooden surface alongside other items such as a black cable and a partially visible Shippo packaging tape roll. The background is plain and neutral in color, focusing the attention on the bottle itself.
9303	neutral	9303.jpg	The image shows a Twitter search page on a smartphone with a tweet about the video music awards VMAs. At the top of the screen, there's a photo of a person bending forward on stage, wearing a white headband with flowers and a sleeveless shirt with the number 42. Below the image, it's marked as a "Top trend" with the hashtag #ShesKindaHotVMA, indicating significant engagement with 10.7K tweets. Further down, there's a promoted tweet by MTV encouraging viewers to watch the #VMAs airing on 9/8C. At the bottom, menu icons for Home, Notifications, Messages, and Me are visible.
9330	neutral	9330.jpg	The image depicts a person who appears to be speaking or singing into a microphone. They are wearing headphones over their ears and dressed in a maroon sleeveless top. The individual has a relaxed and joyful expression, as highlighted by their smile. The background consists of a red curtain, which suggests that this scene might be taking place in a recording studio or a similar setting. The lighting is focused, illuminating the person's face while casting a subtle shadow beneath the microphone. The overall atmosphere of the image is warm and engaging, capturing a moment of expression and performance.
9407	neutral	9407.jpg	In the image, two young men are sitting inside a car. The person on the left is wearing a blue and black plaid shirt and holding what appears to be a cigarette between their fingers. He is sticking out his tongue and looking at the camera. The person on the right is wearing a grey plaid shirt over a white t-shirt and is sticking out his tongue playfully while looking at the camera. The environment suggests they are sitting in the front seats of the car, with a glimpse of the outside visible through the window. Both individuals appear to be in a relaxed and playful mood.
9620	neutral	9620.jpg	The image shows a screen capture from the website mtv.com displaying a voting page for a music awards event. The heading reads "Ain't nobody got time for spam!" Below the heading, there are two sections for voting on music videos.The first section features the song "She's Kinda Hot" by 5 Seconds of Summer with a view count of 13,234,276. There is a photo of the band members standing back-to-back in a garage-like setting. The hashtags "#ShesKindaHotVMA" and buttons to vote via Twitter and Instagram are included at the bottom of this section.The second section displays the song "Worth It" by Fifth Harmony with a view count of 12,820,055. Accompanying the song title is a performance photo featuring the group dancing on stage. The hashtag "#WorthItVMA" is present, along with another vote button for Instagram.Both sections have play buttons overlaid on the images indicating the videos are available to watch. The phone status bar at the top shows it is 2:23 AM with the carrier MTS LTE and a 16% battery life remaining.
9645	neutral	9645.jpg	The image captures a group of young men outdoors, possibly at a concert or festival. They are standing closely together and appear to be enjoying themselves. One person is making a thumbs-up gesture with their hand while the others look around and smile. They are wearing sleeveless shirts with band logos, and some are wearing wristbands, suggesting they might be at an event requiring entry tickets. The background shows trees and parked cars, indicating they might be near a parking area or outdoor venue. The overall mood is casual and friendly.
10110	neutral	10110.jpg	In the image, a man is sitting on a stool on a stage, speaking into a microphone. He appears to be giving a presentation or performing. To his left there is a large blank projection screen, with a lectern beside it. In front of him, there's a music stand with sheet music resting on it, and an acoustic guitar is leaning against the wall to the right. A piano is positioned near the guitar, and a small chalkboard with writing is in the foreground. The setting is dimly lit, creating an intimate atmosphere, possibly in a small venue or a cozy room. There is a laptop on a small table or box in front of the stage, adding to the presentation setup.
10253	neutral	10253.jpg	The image is a promotional announcement for a live stream event hosted by NCCM and Rabble.ca. The event features a debate concerning issues of multiculturalism, immigration, and the Muslim community. The text emphasizes the importance of the youth in the Canadian Muslim community voting and making their ballots count in federal elections. The main text is in white and stands out prominently against a red background.
10552	neutral	10552.jpg	The image depicts a pencil sketch on a piece of paper that is standing upright on a wooden floor. The drawing features a character wearing a long coat or cape, standing confidently with one hand in a pocket and the other relaxed at their side. The character is also wearing a mask and armor, and there is a rectangular object, possibly a medallion or shield, on their chest. The figure appears to be holding a staff or sword in one hand, which is positioned on the ground or a small mound of dirt next to them. The background is minimal, suggesting a barren or desolate landscape with a simple horizon line.
10797	neutral	10797.jpg	A person wearing a light-colored, long-sleeved shirt with thin vertical stripes stands with their arms crossed. On the table in front of them is a neatly stacked pile of collared shirts, which are similar in color and pattern to the person's shirt. The shirts on the table also have thin vertical stripes in different shades of blue and pink. The background suggests an indoor setting with a plain wall and a framed picture hanging on it.
11856	neutral	11856.jpg	The image provides information about two open house events happening in different cities. The first event is the Calgary open house scheduled for Tuesday, September 1, from 5:30 p.m. to 8:30 p.m. at the Courtyard Marriott Calgary Airport located at 2500 48 Avenue NE. The second event is the Edmonton open house taking place on Wednesday, September 2, also from 5:30 p.m. to 8:30 p.m. at the Chateau Louis Hotel and Conference Centre situated at 11727 Kingsway Avenue. The description shares details about the date, time, and location of these events without indicating any specific actions, interactions, or additional visual elements beyond the text.
11891	neutral	11891.jpg	The image features a black-and-white illustration of a woman with shoulder-length hair, a hand near her lips, and prominent eye makeup. On the left side, against a pink background, there is text that reads: "I hate when my Botox wears off. Then people can tell that I don't like them." At the bottom left corner, the text "someecards user card" is present. There are no additional actions, interactions, or events visible in the scene.
11942	neutral	11942.jpg	The image displays data from the website wunderground.com featuring weather information with a timestamp of 6:54 PM under the provider Bell. The battery indicator shows 29% charge. The weather data is broken down into two sections: Temperature, Dew Point, Humidity, and Wind related metrics.The temperature readings are listed as follows: a high of 22°C, a low of 9.3°C, and an average of 15.6°C. The dew point readings indicate a high of 8.1°C, a low of 2.4°C, and an average of 5.8°C. Humidity measurements show a high of 81%, a low of 30%, and an average of 58%. There was 0 mm of precipitation recorded.Wind speed data shows a high of 14 km/h and an average of 3 km/h, while wind gust data lists a high of 15 km/h. The wind direction is noted as West. Pressure readings are presented with a high of 999 hPa and a low of 991 hPa. No average pressure value is indicated.
12143	neutral	12143.jpg	The image features a beautifully crafted season-to-season wreath made from materials resembling newspaper pages, hanging on a white door. The wreath is adorned with several interchangeable banners in pastel colors, which suggest different seasonal themes. At the top of the image, text provides details about a class event hosted by Stampin' Dolce Studio on September 29, 2015, at 7 pm. It advertises the creation of this wreath as part of the class, priced at $39. Registration and payment deadlines are noted as September 19 at 5 pm, with accepted payment methods including VISA, MasterCard, EMT, or cash. The text also mentions that payment is a final sale and non-refundable. The artist credited for the design is Krista Frattin, with her website link provided as stampindolce.com.
12721	neutral	12721.jpg	The image features an orange rectangular sign with the word "DETOUR" in bold, black capital letters at the top. Below the text, there is a black silhouette of a bus on the left side, accompanied by a large black right-pointing arrow on the right side, indicating a route alternative for vehicles.
12894	neutral	12894.jpg	The image features a tall, modern high-rise building with a unique geometric design. The building is predominantly white and features a mix of straight and angled surfaces, creating a stepped appearance as it rises. Each floor includes rectangular windows, some of which are blue-tinted, adding contrast to the otherwise monochromatic façade. The ground level includes a covered entrance area with large glass doors, and there are a few small trees and shrubs planted around the building's base. The sky in the background is overcast, suggesting a cloudy day. The overall setting appears to be an urban environment, with the building standing out due to its distinctive architectural style.
12968	neutral	12968.jpg	The image shows a construction site with an orange sign that reads "HRS BUSES ONLY" with a black directional arrow pointing forward. There are construction barriers, cones, and heavy machinery visible in the background. The site appears to be near a residential area, with houses and trees in the distance. A stop sign is also visible on the right side of the image, indicating traffic control measures. The overall scene suggests roadwork is taking place, and there is a specific lane or direction reserved for buses.
13068	neutral	13068.jpg	The image is a screenshot of a Facebook post by a user named Dee MacDonald from a group called "Only In Hamilton." The post was made three hours ago and includes a request for help finding a place to get marijuana in a new area. Dee MacDonald mentions that they are new in the area and find the downtown part of town to be too sketchy for randomly asking people for pot. They also mention being a chronic someone dealing with chronic pain who uses cannabis and hoping someone can assist them in finding a place to get some today. The post shows options for liking, commenting, or sharing, and indicates that one person has shared the post. Below the original post, there is a subsequent update from Dee MacDonald stating "Still looking..." with a timestamp of two hours ago, indicating the search is ongoing. The profile picture of Dee MacDonald shows a photo of two people.
13272	neutral	13272.jpg	The image depicts the lower legs and feet of several ballet dancers, positioned in a line, likely in a performance setting. They are wearing pointe shoes, typical attire for ballet dancers, which allows them to stand on the tips of their toes. The dancers are wearing white tights, and they have their legs crossed or positioned close together, suggesting a pose or preparation for movement. The ballet dancers are positioned on what appears to be a stage, given the reflective flooring and the focus on their feet, which captures the grace and elegance associated with ballet performances.
14443	neutral	14443.jpg	A man is singing into a microphone while playing an acoustic guitar. He is wearing a cowboy hat and a light-colored jacket with a dark shirt underneath. He appears to be performing on stage with a dark, blurred background.
14505	neutral	14505.jpg	The image shows a logo featuring a pointed arrow or triangle with the text "fm98 WJLB.com" inside it. The design includes horizontal red lines behind the arrow, creating a sense of motion or speed. The text is arranged, with "fm98" in a smaller font on top and "WJLB.com" beneath it in a larger font. The color scheme primarily uses blue and red, giving it a dynamic and vibrant look.
14628	neutral	14628.jpg	The image shows a screen from a game interface with a focus on a character selected to play. The character, Darius, is displayed on the left with a purple portrait frame. Darius's health and mana are shown as full with 20 and 20 respectively. On the right side, there is a list of different decks or characters named Arena Deck 4 with various titles like "Angrit The Unforgiving" and "Core Rager." There are also icons indicating different characters or abilities. Below the character's stats, there are three slots filled with gold tokens, representing the number of gold currently available. A large blue "Play" button is prominently displayed in the center, ready for the user to start a game. On the top left, "The Arena" and the player's 11 wins are shown, along with a note about losses, marked by a cross symbol, but no losses recorded. In the top right corner, there are options for a new game or menu, indicated by the "Back" button. The time and some additional user interface elements are also seen at the bottom left, showing it is 5:01 PM with 3 out of 175 items collected or available.
14855	neutral	14855.jpg	The scene presents a detailed illustration featuring a hand holding a pair of pen nibs tied together with a blue ribbon. The hand is resting on an assortment of handwritten letters and papers, depicting scenes and messages from a bygone era. In one letter, a figure appears to be drawing or sketching a person seated on a table, emphasizing an intimate moment of creation or correspondence. A quill pen lies nearby, suggesting the act of writing or composing letters. The overall composition exudes a sense of historical sentiment and artistic expression, with each element contributing to a narrative of connection and storytelling through letters and sketches.
16073	neutral	16073.jpg	The image is a map showing a section of a neighborhood with various roads and landmarks. The map includes street names such as Rolph Road and Day Care Centre, which are marked with icons. Milwood Rd is prominently displayed, intersecting with Canadian Rd and Rosemary Rd. There are also icons indicating a park labeled "Royal York Park" and two "Clothes Warehouse" stores towards the bottom-right corner of the map. The area appears to have a mix of residential and commercial spaces, with roads and pathways branching out from the central intersection. The design is simple, using light shades of gray to differentiate various areas and features.
16798	neutral	16798.jpg	The image is a promotional poster for an event titled "THE POWER OF #1000STRINGS" which is scheduled for a world premiere on September 5, 2015, at Yonge-Dundas Square, Toronto. The background of the image features a close-up, black-and-white photograph of a stringed instrument, likely a violin or a cello, showcasing the intricate details of the strings and the instrument's neck. The text is arranged in the center with the event name in large white letters and the premiere date and location in yellow below it. There is also a button labeled "REGISTER" at the bottom. The top of the image shows a navigation menu with options such as "HOME," "ABOUT," "EVENT," "LOCATIONS," "NOV 10," and "FAQ."
20038	neutral	20038.jpg	Two musicians are performing on stage in front of an audience. One person is speaking into a microphone, while the other is playing a guitar. Behind them, a banner reads "96 Newbury FM." The atmosphere suggests a live music session or event, with a focus on interaction between the musicians and the audience.
20332	neutral	20332.jpg	The image shows a collection of promotional and informational items related to a campaign called "Cleaning the Capital" by Tim Hortons and Ottawa. Central to the display is a Tim Hortons coffee cup from which the items are spilling out. Among these items are several brochures with the event name, "Cleaning the Capital," written in both English and French. There is also a prominent poster with the event details, running from September 15 to October 15.Additionally, there are several business cards and stickers with the event branding and logos. A blue garbage bag is visible, likely to symbolize the clean-up effort. A red gift card for Peloso Cleaners advertising a $25 appreciation gift card is also part of the arrangement. Lastly, a disposable cup with the Tim Hortons logo sits nearby, implying the involvement of the popular coffee chain in the campaign.
20496	neutral	20496.jpg	A vintage-style ice cream truck called "Terryberry Dairy" is parked on a street. The truck is light blue and white with the text "Terryberry Dairy" and "THE TRACK TRUCK" on its side. It appears to be an ice cream truck ready to serve customers. Nearby, there are people, including children and an adult, who seem to be looking towards the truck, possibly waiting to buy ice cream. There is a house with columns in the background, and the scene appears to be set in a residential neighborhood.
20647	neutral	20647.jpg	The image shows a blue fabric, likely a t-shirt or banner, with a white design that includes a stylized wave or ribbon. Along the ribbon, there are various white icons representing different sports and recreational activities. Below the design is the hashtag #RUNFORCALGARY. The design suggests a theme of athleticism and community engagement in Calgary.
21088	neutral	21088.jpg	The image depicts a quaint, two-story house with a beige exterior and red window shutters. The front yard is well-maintained, featuring manicured bushes and a small tree with green foliage growing near the entrance. The main entrance includes a set of stairs leading to a red door, flanked by a small porch with a black railing. The sidewalk in front of the house is concrete, and neighboring houses can be seen on either side. The overall scene is peaceful and residential, with no visible actions or events happening in the image.
21143	neutral	21143.jpg	The image is a weather radar map showing precipitation patterns over a region encompassing parts of Northern Ontario and Southern Ontario in Canada, as well as parts of New York state in the United States. Locations such as Toronto, Mississauga, Buffalo, Rochester, St. Catharines, Brant County, and Jamestown are marked on the map. Areas of heavy precipitation are depicted in shades of yellow and red, indicating intense rainfall, particularly around the Erie region and spreading northeast towards Buffalo. Lighter shades of green indicate lighter rainfall. Blue lines represent the boundaries of different regions or possibly transportation routes. The overall map provides a detailed view of the current weather conditions, focusing on the distribution and intensity of rain in these areas.
21497	neutral	21497.jpg	The image depicts a group of young adults seated in a row, attentively looking at laptops and tablets displayed in front of them. Some are holding devices while others have their hands on the devices in front. They appear to be focused and engaged, possibly in a classroom or seminar setting. In the forefront, there is a blue banner with white text that reads "University Recruiting: 3 Programs to Source Recent College Graduates." The setting suggests an educational or professional development environment, highlighting the theme of recruiting new graduates.
2824	positive	2824.jpg	In the image, two men are engaged in a celebratory high-five, symbolizing a moment of success or agreement. The man on the left is wearing a white shirt, while the man on the right is in a black suit. They are positioned in what appears to be a formal event or conference venue, as indicated by the audience seated in rows and various banners and signs in the background. The setting includes elegant lighting and a large chandelier, adding to the professional atmosphere. The audience, some of whom are taking photos, seems to be witnessing and possibly celebrating the interaction. The overall scene conveys a sense of achievement and positive energy.
3888	positive	3888.jpg	The image is a promotional poster for a job fair and training expo organized by STUDENT TIMES. The event is set to take place on Tuesday, September 15 in Mississauga, Ontario, at the Mississauga Valley Community Centre located at 1275 Mississauga Valley Blvd, L5A 3R8. The timings are from 10:00 am to 3:00 pm. The poster highlights several free services offered at the event, including free resume critiquing, a free social media workshop, and free parking. Attendees can also enjoy free admissions. There is a promotional offer of a $20 gift pack. The poster encourages job seekers to attend this multicarrier event to meet employers on site and suggests reserving a booth. For contact information, it provides a phone number 416 300 3786 and an email address rais@studenttimes.com. More information and registration can be found by visiting their website, www.studenttimes.com. The poster also features graphic elements like figures climbing a large "CAREER" sign and a ticket-shaped sticker indicating the $20 gift pack.
5911	positive	5911.jpg	A blue bird with a white underside and black markings on its head is perched on a wooden railing. It appears to be picking up small seeds from the railing, with its wings slightly spread. The background is blurred with shades of green, suggesting a natural, outdoor setting, possibly a park or garden. The scene conveys a sense of tranquility and harmony with nature.
7299	positive	7299.jpg	The image shows a person standing in a field of tall corn plants. The individual is wearing sunglasses, a white sleeveless top with a colorful print on it, and dark shorts. They are smiling and seem to be enjoying the moment. The scene is bathed in warm sunlight, giving it a golden hue. Above the scene, there is text that reads "ORDINARY DAYS" and the date "September 10, 2015," along with the name "kristencirca92" and the word "Blog." At the bottom, there is a caption that says "Never underestimate the power of an ordinary day. This week is my last full week in Dayton, Ohio. It feels strange."
7370	positive	7370.jpg	The image features an announcement for an event presented by Virgin Radio, titled "Beauty Behind the Madness Experience" by The Weeknd. It showcases the artist's face partially obscured by black and white cracks. Details about the event include a date of August 25, a location at 722 College Street, Toronto, ON, and the venue, The Mod Club. The X99.9 FM logo is located at the bottom left corner.
7670	positive	7670.jpg	In the image, two children are standing in a shallow, clear river. The boy, wearing a blue shirt and beige shorts, is smiling and has his arms raised enthusiastically, exuding a sense of joy and excitement. Beside him, a girl in a green shirt and pink shorts also smiles warmly, adding to the atmosphere of happiness. In the background, another person is partially visible, appearing to be swimming in the water. The setting is surrounded by lush greenery, enhancing the feeling of a pleasant day spent outdoors playing in nature.
7688	positive	7688.jpg	In the image, a baby boy in a green and white striped onesie is lying on a brown pet bed, affectionately kissing a large black dog lying next to him. The dog appears relaxed and comfortable, enjoying the gentle interaction with the baby. In the background, a cat is perched on a wooden surface next to some electronic devices such as an amplifier and a receiver, contributing to the cozy, homey atmosphere of the room. The scene conveys a heartwarming moment of affection and companionship between the baby, the dog, and the setting around them.
7940	positive	7940.jpg	The image shows a dog with a fluffy coat of brown and white fur, lying on its stomach on a patterned carpet. The dog appears relaxed and is looking directly at the camera with a calm and gentle expression. The background consists of a cozy indoor setting with the patterned carpet adding a touch of decor. The dog's front paws are stretched forward, emphasizing its laid-back pose.
8397	positive	8397.jpg	The image shows a cluster of adorable puppies, all nestled together closely, seemingly on a person's lap or chest. The puppies are various shades of brown and white, typical of certain breeds known for their cute appearances. They appear to be resting or sleeping, with some lying down and others playfully pawing at each other. The person beneath the puppies is only partially visible, with their arms gently supporting the puppies. A text overlay at the top reads "INSTANT ANTIDEPRESSANT," suggesting that the sight of these puppies is meant to evoke positive emotions and uplift spirits.
8606	positive	8606.jpg	The image shows text about someone feeling anxious and upset because they suspect a boy is stalking their social media account. The text describes the person's emotional distress as they imagine the boy monitoring their posts, laughing at them, and expressing happiness when they see the person is content. The text ends with a statement about wanting to hide and cry, conveying a sense of vulnerability and sadness.
9477	positive	9477.jpg	In the dimly lit image, a man is passionately playing a keyboard on stage, holding drumsticks in each hand. His intense expression and focused gaze convey a sense of energy and excitement, likely reflecting the high-energy atmosphere of a live performance. The background shows abstract patterns and lights, adding to the dynamic and electrifying ambiance of the concert. The man's attire is casual, with a black t-shirt, contributing to the lively and vibrant feel of the scene. The overall mood is spirited and engaging, capturing the essence of a spirited musical performance.
9692	positive	9692.jpg	The image features a stylized portrait of a person's face in the background, set against a dark backdrop. Overlaid on the portrait is prominent text in bold capital letters that reads "DEMAGOQUE." Below this word is a detailed description in smaller text: "A political leader in a democracy who appeals to the emotions, fears, prejudices, and ignorance of the voters in order to gain or hold onto power and promote political motives. Demagogues usually oppose thoughtful deliberation and advocate immediate, aggressive action to address a crisis; they accuse moderate and thoughtful opponents of weakness." The overall design conveys a critical message about a certain type of political behavior.
9976	positive	9976.jpg	In the image, Hon. Rona Ambrose, Federal Minister of Labour, is interacting with workers in a construction environment. She is inside the cabin of heavy equipment, wearing a safety helmet and a high-visibility vest. A worker, also in a safety helmet and high-visibility vest, is assisting her by demonstrating or explaining aspects of the equipment. The scene appears to be part of an open house event related to heavy equipment training at the Operating Engineers 955 Training Trust site in Thorhild, Alberta, where Ambrose is being briefed on the training initiatives. The interaction suggests a collaborative and educational atmosphere.
11709	positive	11709.jpg	The image shows a display on a table with beer packs in a store. There are two types of beer: "Gypsy Jean's Ruby Ale" and "Jerface 9000," each in their own branded box. The "Gypsy Jean's Ruby Ale" box is red and features an illustration of a woman with "49" earrings, giving it a vintage or retro style. The "Jerface 9000" box is pink and features a cartoonish character with an eccentric design. Behind the display, there is a sign announcing a "Tasting Saturday, August 29 from 2:30-5:00," suggesting an event for customers to sample the beers. The background also shows shelves stocked with various bottles of liquor. The setting appears to be a retail environment, likely a liquor store or a section dedicated to alcoholic beverages.
12380	positive	12380.jpg	In the image, a man is dressed in a dark striped suit, white shirt, and a red tie with a diagonal pattern. He is smiling broadly and appears to be in the midst of speaking or reacting, with both hands outstretched and palms facing upwards, as if gesturing to emphasize a point or showing surprise or excitement. He is wearing glasses. The background features a setting with wooden panels and a blue wall, with various objects like books and a framed plaque partially visible, suggesting a studio or office environment, often seen in talk shows or news programs. The overall mood conveyed by the man's expression and body language is positive and engaging.
12771	positive	12771.jpg	The image depicts a wedding ceremony taking place in an elegant, well-lit room. The room features high ceilings with intricate designs and large windows that allow natural light to flood in, creating a warm and inviting atmosphere. The audience is seated on either side of a central aisle that leads to a raised platform where the ceremony is occurring. The guests are dressed in formal attire, with men in suits and women in dresses.On the platform, a bride in a white wedding gown and a groom in a dark suit stand facing each other, holding hands. They appear to be exchanging vows, as suggested by their positioning and the presence of an officiant between them. Several groomsmen in matching vests and white shirts stand in a line behind the groom, while bridesmaids in formal dresses are positioned behind the bride.The room is decorated with hanging chandeliers, wall sconces, and framed artwork, adding to the sophisticated ambiance of the event. The overall scene exudes a sense of celebration, love, and formality, typical of a joyous wedding ceremony.
13566	positive	13566.jpg	Two women are smiling and posing closely together in a stadium filled with other spectators. They are both wearing sunglasses, with the woman on the right also wearing a headband. The woman on the left has blonde hair and is wearing a dark blue v-neck shirt with a necklace. The woman on the right has blonde hair, is wearing a blue zip-up hoodie over a dark-colored sports top, and has reflective sunglasses. In the background, there are numerous other people seated in the stands, and a section of the stadium structure is visible at the top. The overall scene suggests they are attending a sports event with positive and cheerful energy.
13575	positive	13575.jpg	The image is a vibrant display of two distinct yet complementary scenes. On the left, there is a striking pair of high-heeled boots in a bold shade of red with intricate gold and green geometric patterns. The boots have a sleek silhouette with a prominent wedge heel, suggesting a sense of fashionable confidence and elegance. The shiny surface and luxurious design imply that they are part of a stylish outfit suitable for a formal event or high-fashion setting.On the right, the scene shifts to a dynamic and energetic performance. The central figure is a musician, dressed in a dazzling red suit with gold trim, exuding charisma and flamboyance. The suit is coordinated with a matching red headscarf, further enhancing the bold and vibrant look. The musician is passionately playing a guitar that is uniquely designed in the shape of a star, adding a touch of artistic flair to the performance. The background is dimly lit, highlighting the performer under a spotlight, which accentuates the lively atmosphere and the intensity of the performance. The musician’s expressive face and posture convey a sense of joy and engagement, suggesting a captivating and memorable show.
14134	positive	14134.jpg	The image shows a person, presumably Brad Battle, singing into a microphone. The background is dark, focusing the attention on the individual, who is smiling and appears to be enjoying the moment. The text on the image indicates the name "Brad Battle" and includes a circular emblem with "BB" inside it, suggesting a logo or initials related to the person or an associated brand. The person is holding a guitar, adding to the musical theme of the image, and the overall mood is one of positivity and engagement with the performance.
14965	positive	14965.jpg	The image is a promotional flyer for a "Rescue Me" Fireman/EMT Singles Party. It features a woman in a firefighter costume, wearing a red helmet with a badge and a shiny red jacket with reflective stripes. The background displays dramatic flames. The event is held at Hudson Terrace 621 W. 46th on Wednesday, September 9th, from 7:00 to 10:30 PM. The flyer advertises all-night drink specials, including $6 for a Bud Light and $10 for well drinks. It encourages Firemen/EMT to sign up at singleandthecity.com or onspeeddating.com using the promo code "ENGINE" to save 50%. There's an invitation to check out previous party pictures by adding Amber Guessa as a Facebook friend. Entry requires showing a Fire Department badge. The theme and design suggest a fun and engaging event aimed at singles in the firefighting and emergency medical fields.
15134	positive	15134.jpg	The image shows a person wearing a racing helmet branded "teeter" seated in a car, which appears to be a sports car based on the interior design and manual gear shifter they are holding with gloved hands. They are shifting gears, indicating they might be driving at a race track or engaged in a driving simulation. The person is also wearing a black racing suit and red gloves, which suggests they are either a professional driver or involved in a high-performance driving activity. The location tag "Saginaw, MI" indicates that the event or location is in Saginaw, Michigan. The text at the top of the image indicates that the person holds the title of "Embedded Systems Software Engineer Lead" and was associated with this role in 2015. The overall mood of the image conveys a sense of excitement and focus on automotive performance.
15178	positive	15178.jpg	The image depicts a blue car parked on the street in front of a building. The car, featuring a sleek design with gold rims, is positioned in such a way that the front left side is facing slightly towards the camera. The building behind the car has a large glass window and a sign on the door that reads "Open 7 Days." A logo with the letters "TD" is visible on the wall near the window, suggesting that the building is a business or office establishment, potentially a bank or financial institution. The scene overall suggests a calm and orderly environment with no visible people or movement.
15308	positive	15308.jpg	The image shows a promotional poster for the Philippine Festival in Toronto. The poster features a beautiful beach scene with clear blue water and a sandy shore. The main text reads "Greetings from Philippine Festival Toronto 2015-08-29" along with "Discover the Philippines." It also mentions Boracay, Philippines, as the origin place. The poster claims the event to be part of "How to be the World's Best Billionaire 2017." The overall sentiment is positive and inviting, promoting cultural celebration and tourism to the Philippines. There is a watermark indicating "InstaRepost" in the top right corner.
15812	positive	15812.jpg	In the image, a man and a woman are sitting on the floor in a room with large windows. The man, wearing a blue cap, t-shirt, and light-colored pants, is using his smartphone and gesturing with his hands while talking to the woman. The woman, dressed in a white shirt and black shorts, is attentively listening and holding some papers. Surrounding them on the floor are several scattered photographs and papers, suggesting that they might be reviewing or discussing content on the images. The scene appears to be casual and collaborative, with both individuals engaged in a focused interaction.
17978	positive	17978.jpg	The image depicts a large, modern stadium with a unique architectural design. The stadium has a dome-like structure supported by a tall, illuminated tower. The sky is dyed with the soft light of either dawn or dusk, creating a serene backdrop. In front of the stadium, a massive crowd has gathered, suggesting that a significant event is taking place. The attendees appear to be entering or congregating outside the stadium, with some banners and lights enhancing the festive atmosphere. The overall scene conveys excitement and anticipation, typical of a major event or celebration.
18216	positive	18216.jpg	The image shows a steamed bun, often referred to as a xiao long bao or soup dumpling, placed on a plain light-colored surface. The bun is perfectly round with delicate pleats on the top, indicating skilled preparation. The soft texture and gentle folds suggest it is freshly made and ready to be enjoyed. The simple background emphasizes the bun, making it the focal point of the image. There are no other objects or interactions present in the scene.
18305	positive	18305.jpg	In this image, a young person is standing with their arms outstretched in a relaxed and joyful manner. They are smiling broadly and wearing glasses along with a black T-shirt that features a vibrant and colorful design resembling a retro arcade game machine. The background shows an elegant interior setting with ornate decor, including patterned wallpaper, a large potted plant, and some softly glowing purple and warm lights, which contribute to a cozy and inviting atmosphere. There is a stack of books or notebooks placed on a table in front of the individual. The overall scene exudes positivity and a sense of contentment.
18532	positive	18532.jpg	The image depicts a serene and beautiful scene of a sunrise over a calm cityscape in the distance. The sun is shining brightly, casting a warm golden glow across the sky and illuminating the horizon, where a cluster of buildings rises against the light. The foreground features a lush, green grassy area, with a few scattered trees and a wooden structure, possibly a bench or a small shelter. The sunlight filters through the trees, creating a dappled effect on the grass. The overall atmosphere is tranquil and picturesque, suggesting a moment of peacefulness and natural beauty.
18640	positive	18640.jpg	In the image, a bustling crowd is gathered around a large, elaborately decorated food truck. The truck has a metallic and industrial design with various colorful signs and logos, and prominently displays the text "Old Ghost Brewing Co." and "Now Serving." The people in the scene are casually dressed, many wearing baseball caps and sunglasses, suggesting a sunny day. They appear to be enjoying the event, with some standing in line, others engaged in conversation, and some looking towards the truck, likely waiting for their food or drinks. The setting includes a bridge in the background, green trees, and a highway overhead, adding to the lively, outdoor atmosphere. The overall mood is festive and energetic, capturing a moment of communal enjoyment and leisure.
19852	positive	19852.jpg	Two people are on an inflatable raft in a river, both wearing helmets and life jackets. The person in the foreground, wearing a red helmet and blue life jacket, is smiling at the camera, while holding a paddle. The person in the background, wearing a black helmet and green jacket, appears to be paddling. The river is surrounded by trees, creating a scenic background. The atmosphere seems adventurous and enjoyable.
20049	positive	20049.jpg	The image depicts a serene landscape featuring a panoramic view of a city skyline across a wide river. The foreground is adorned with beautiful, vibrant flowerbeds filled with pink and purple blooms, complemented by lush green grass and tall green reeds. The flowers are arranged in a well-maintained garden bed, bordered by a small, neatly trimmed grassy area. A couple of garden lights are visible on the grass, suggesting pathway illumination. The river in the middle ground mirrors the sky and adds a sense of tranquility to the scene. Trees and foliage frame the riverbank, leading the eye towards the distant cityscape. The skyline includes notable architectural structures, with a mix of modern and historic buildings, highlighted by prominent spires and towers. The sky is painted with soft clouds, suggesting either early morning or late afternoon, casting a gentle light over the entire scene. The overall atmosphere is peaceful and picturesque, highlighting the beauty of nature and urban architecture in harmony.
20091	positive	20091.jpg	In the image, three individuals are sitting inside a vehicle that resembles a fire department truck. The person on the left is smiling and leaning against the seat, wearing a black shirt and shorts. The middle person is seated and also smiling, wearing a dark shirt with rolled-up sleeves. The person on the right is wearing sunglasses, a black T-shirt, and appears to be looking forward. There are various firefighting and rescue gear items around them, such as a helmet with reflective stripes, a fireman's jacket with reflective stripes, and a red bag. Above them, there are several compartments and equipment visible, including what looks like a speaker system mounted to the ceiling of the vehicle. The overall atmosphere suggests camaraderie and readiness for a task or mission.
20161	positive	20161.jpg	In the image, a cormorant is perched gracefully on a buoy floating in the water. The bird stands upright, its sleek, dark feathers contrasting with the bright, reflective surface of the buoy. The surrounding water is calm, creating a mirror-like reflection that captures the intricate details of both the bird and the buoy. The background is a soft blur of green, suggesting reeds or trees, enhancing the serene and peaceful atmosphere of the scene. The overall composition highlights the tranquility and harmony of nature, with the bird seemingly at ease in its environment.
20403	positive	20403.jpg	The image is an advertisement for a "Carl Dixon Solo Acoustic Show" scheduled for September 24 at 8:30 pm at The Daily Grind Art Café, Ottawa. It features a man with long curly hair playing an acoustic guitar on a stage illuminated by colorful stage lights. The flyer mentions that tickets are priced at $25 and directs people to buy them at www.carldixon.com. Logos of "Lucky Dog" and "The Daily Grind Art Café" are also visible. Additionally, the bottom left of the flyer includes information about The Daily Grind Art Café, its address 50 Gerrard Somerville St W, Ottawa, and social media handles @ CarlDixonMusic. The bottom right of the flyer features quotes praising Carl Dixon as one of Canada's stellar musicians and singers, by Lawrence Glanville and Matthew J. Smith. The overall sentiment of the image is positive, highlighting the excitement of the event.
20437	positive	20437.jpg	The image displays the logo for the "CHEO Foundation," featuring a cheerful and friendly yellow teddy bear seated with one paw raised. The teddy bear appears happy and welcoming, as it has a gentle smile on its face. The background is plain white, highlighting the bright yellow teddy bear and the colorful text. The text "CHEO" is bold and playful, with a gradient from yellow to purple. Below "CHEO," the words "Foundation" and "Fondation" are written in a lighter, more standard black font, conveying a sense of warmth and positivity associated with the organization.
20451	positive	20451.jpg	The image depicts a serene and vibrant scene of a sunset. The sky is painted with brilliant hues of pink, red, and purple, creating a warm and beautiful gradient. Silhouettes of trees frame the edges of the image, with some leaves in the foreground adding a touch of green to the scene. The street in the lower part of the image is quiet, and there are a few parked cars visible. A building on the right side is softly lit by the fading sunlight. The overall mood of the image is peaceful and picturesque, capturing the calm beauty of the evening as the sun sets.
20514	positive	20514.jpg	In the tranquil setting of this image, a heron is gracefully standing in the shallow waters, its reflection shimmering on the calm surface. The heron’s poised stance suggests a moment of stillness as it surveys its surroundings, possibly in anticipation of a fish or insect to catch. The water is smooth, with gentle ripples emanating from the heron's presence, creating a peaceful and serene atmosphere. Nearby, a cluster of rocks emerges from the water, adding texture to the scene and possibly serving as a resting spot for the bird. The overall mood of the image is one of quiet solitude and natural beauty, highlighting the elegance and grace of the heron in its habitat.
21245	positive	21245.jpg	In the image, a man wearing glasses and a green shirt is enjoying a large waffle ice cream cone. He is holding the ice cream cone with his right hand and taking a bite. The background features horizontal blinds, and sunlight casts a shadow of the man on the wall behind him, indicating it is a bright day. The man appears to be savoring the treat, contributing to a cheerful and pleasant atmosphere.
21628	positive	21628.jpg	Two women are smiling in an office setting, appearing happy and friendly. The woman on the left has long blonde hair and is wearing a striped top. She is holding a paper with the words "BACK TO SCHOOL" printed on it. In front of her are two lipsticks lying on a desk or table. The woman on the right, with shorter blonde hair, is wearing a black top and smiling warmly at the camera. The atmosphere suggests they are enjoying a casual, possibly social moment.
21812	positive	21812.jpg	The image captures four young people in a room filled with a cheerful and playful atmosphere. Three of them are girls, and one is a boy. They are standing close together, all facing the camera with visible enthusiasm. The girls are making thumbs-up gestures with their left hands, while each of them has their right hand on their hip. Their facial expressions are exaggerated with big smiles, tongues sticking out, and wide eyes, indicating a playful mood. The boy on the far right is also holding a thumbs-up with his left hand but is making a peace sign with his right hand. The background shows a tiled wall with a series of photos pinned up, and a portion of stacked chairs can be seen, suggesting the setting might be a classroom or a casual gathering space. The overall sentiment of the image is lighthearted and fun, emphasizing camaraderie and enjoyment among the group.
22238	positive	22238.jpg	In the image, two people are taking a selfie together in what appears to be a retail clothing store. The person on the left is smiling broadly, while the person on the right has a surprised and excited expression with her mouth open wide. Both individuals seem to be enjoying themselves. The store background includes racks of clothes and bright lighting, giving the scene a cheerful and lively atmosphere. The word "You Know" is superimposed across the image with a decorative blue dotted font, adding a playful and casual touch to the photo.
22724	positive	22724.jpg	The image is promoting an event called the "Legends Show" as part of the Canadian Country Music Week. The poster features a list of performing artists, including Gord Bamford, Tim Chaisson, Patricia Contray, The Good Brothers, Kira Isabella, Joan Kennedy, Beverley Mahood also noted as the host, Charlie Major, Danielle Marie, Jess Moskaluke, Tracey Brown, and Randall Prescott from the family brown. The event is taking place on September 11 at 7:30 PM at the Rebecca Cohn Auditorium. It's presented by The Berkeley, as noted on the poster. The design incorporates musical elements, such as a guitar, and a star symbolizes the featured artists. The event appears to celebrate Canadian country legends, rising stars, and hit-makers sharing the stage.
22848	positive	22848.jpg	This image depicts a spacious room that is filled with a sense of relaxation and tranquility. The room appears to be a communal sleeping area where several people are lying on the floor, each enveloped in blankets and pillows for comfort. The overall atmosphere seems calm and peaceful, suggesting a restful environment.The room is well-lit with natural sunlight streaming in through large windows, providing a warm and inviting ambiance. There are lush green plants scattered around the room, adding a touch of nature and enhancing the serene setting. The presence of multiple windows with red curtains allows for ample sunlight to enter, creating a cozy and welcoming space.Various pieces of furniture and decor are visible in the image, including a long counter on the left side, adorned with items such as glasses and decorative objects. There is also a fireplace on the right side, contributing to the room's warm and homely feel. Chairs and tables are placed near the windows, offering spots for sitting and relaxing.Overall, the scene captures a moment of collective rest and comfort, with individuals seemingly enjoying a peaceful nap or quiet time in a beautifully decorated and naturally illuminated space.
