index	#1 Label	#2 ImageID	#3 String	#3 String
141	0	73093.jpg	The image shows a main subject of a police car that has been overturned on its side, positioned prominently in the foreground on what appears to be a street. Behind the overturned car, there is a yellow police line tape stretched across the scene, creating a stark, diagonal visual element that guides the viewer’s eye throughout the image. The backdrop includes a brick building with windows, and signage that reads "JUNO GRILL" adds a hint of urban context. The lighting appears to be natural, possibly either early morning or late afternoon, given the soft and diffuse quality of the light. The colors are muted, with the red and white of the police car standing out against the more subdued tones of the brick building and the yellow of the police tape. The overall scene conveys a sense of chaos and disruption, typical of a dramatic or unexpected event, which adds to the negative sentiment.	CPD
152	0	41899.jpg	1 The main subjects are four people standing close together outdoors. They seem to be engaged in an activity involving a microphone stand, possibly a speech or announcement. The arrangement shows them side-by-side, facing slightly towards the microphone.2 The lighting in the image suggests it is daytime, with sunlight casting shadows on the ground, creating a bright and clear visual. The colors are predominantly natural, featuring greens from the grass and trees in the background, and a mix of clothing colors ranging from white and blue to black and patterns on their outfits.3 The overall scene appears to be set in a casual outdoor environment, possibly a park or field. The presence of trees and open grassy areas indicates a relaxed, informal setting, fitting for a small gathering or event.	ISIS
312	0	14478.jpg	The image depicts a stage setting during what appears to be a conference or panel discussion. The main subjects include three individuals: a large projected image of a woman, a man seated on a red chair, and another person standing at a podium. The woman on the screen is centrally positioned and appears to be the main focus of the presentation, suggesting she may be the speaker or subject of discussion. Visual elements like lighting and colors play a significant role in the mood of the scene. The background features warm hues, with shades of orange and yellow that create a soft yet somewhat dramatic effect. The lighting is focused on the stage, with spotlights illuminating the individuals and creating a contrast with the darker audience area.The overall scene context suggests a formal event, likely one involving speeches or presentations, with the large projection being used to emphasize the importance or presence of the woman featured. The presence of the audience and the setup of the stage imply a significant gathering, possibly with themes of importance or solemnity, contributing to a potentially serious or impactful atmosphere.	AngelinaJolie
1091	0	1931560.jpg	The main subjects in the image are a group of people, with one individual buried up to their waist in a hole while others stand around observing. They are dressed in blue work uniforms, suggesting a construction or manual labor setting. The focus is on the person in the hole, labeled as "Messi," while others like "Romero," "Zabaleta," "Rojo," "Fernandez," "Garay," "Gago," "Mascherano," "Higuaín," "Águero," and "Di María" are positioned around the scene, giving the impression of watching the situation unfold.The lighting appears natural and slightly overcast, casting even light across the scene without harsh shadows. The colors are muted, with the blue uniforms standing out against the earthy tones of the ground and surrounding environment. The overall context suggests a humorous or satirical take, as the juxtaposition of famous football players in a mundane labor setting contrasts with their usual high-profile image. The watermarked text "@FootyHumour" reinforces the comedic intent, implying that this is a staged or exaggerated scenario meant for entertainment.	Argentina
1423	0	528640.jpg	1 The main subjects in the image are the metal framework of a building under construction and the chain-link fence in the foreground. Various construction materials and equipment, such as steel beams and blue tarps, are scattered around the site. The structure appears incomplete and the fence suggests restricted access.2 The lighting is mostly muted and shadowy, with only a faint light source visible from the upper left. The colors are predominantly dark, with the metal framework and construction materials appearing in shades of gray and brown, while the sky is overexposed and bright.3 The overall scene context is of a construction site that seems abandoned or inactive, evoking a sense of neglect or disuse. The lack of workers and the unkempt arrangement of materials contribute to a feeling of decay or unfinished business.	San Juan
1553	0	420735.jpg	The main subject in the image is a police officer who is standing in the foreground and is dressed in full police gear, including a vest with patch insignias. The officer seems to be positioned on a street cordoned off with yellow police tape, indicating a restricted area. In the background, several police cars and an ambulance are parked along the curbside, which suggests that this is a scene of an emergency or ongoing investigation. A couple of people are standing near the vehicles, likely law enforcement personnel or bystanders.The lighting in the image appears to be natural, suggesting it was taken during the daytime. The colors are mostly neutral, with the blues and whites of the police and ambulance vehicles standing out against the mostly gray road and the green foliage of the trees lining the street. There are also some sandy or dry patches, possibly indicative of a desert or arid environment.The overall scene context indicates a situation where law enforcement has secured the area, potentially due to an incident requiring their attention. The presence of emergency vehicles and the police tape suggests a serious situation, contributing to a tense or negative sentiment regarding the scene.	Glendale
1610	0	1482680.jpg	The main subjects in the image are two dogs on a bed; one dog is brown and lying down while the other dog, which is white with brown patches, is standing over the brown dog. The bed is unmade with a white sheet that appears disheveled. In the background, there are brown blinds covering a window, and an electric fan is placed on the floor beside the bed. There is also a small blue dog house nearby. The lighting in the room is warm, likely from indoor lighting, casting a soft glow over the scene. The overall color palette is muted with browns, whites, and beiges dominating the room. The scene appears to be a cozy bedroom, but the arrangement of the dogs might suggest a potential conflict or discomfort, contributing to a negative sentiment.	Bailey
1650	0	74601.jpg	The image shows two young individuals standing close to each other with one appearing to be speaking or singing and the other smiling or laughing. The person on the left is wearing a white t-shirt with a small logo on the chest and a black cap worn backward, while the person on the right is dressed in a black-and-white checkered shirt and a colorful rainbow bandana around their head. The background is light with multiple logos and Arabic text, suggesting an event or promotional backdrop, including a date of September 2015. The lighting is bright, highlighting the subjects and creating a cheerful atmosphere. The overall context suggests a lighthearted and possibly playful interaction between the two individuals, set against the backdrop of what appears to be a sponsored event.	Jaden Christ
1746	0	37887.jpg	This image depicts three women walking closely together, with their attire and the context suggesting a formal or professional setting. The woman in the center is the main focus, and she appears to be downcast, with her head bowed and hands clasped in front of her. The two women on either side seem to be supporting or guiding her, offering a sense of care or concern. Both the left and right women are holding her arms, indicating a gesture of assistance or solidarity.Visually, the lighting is soft and warm, creating a somber atmosphere. The colors are muted, with the women dressed predominantly in dark tones such as black and gray. The background is blurred, keeping the focus on the subjects, but it suggests an indoor environment with a doorway or entrance visible.The overall scene context implies a moment of distress or support, possibly relating to a serious or emotional situation. The presence of lanyards with ID cards suggests a professional setting, which may add to the gravity of the situation. The mood conveyed is one of seriousness and empathy, with the women displaying a united front in addressing whatever challenge the central figure is facing.	Korean Airlines
1924	0	421086.jpg	The main subjects in the image are the vehicles on a wet, multi-lane highway, navigating through a heavily trafficked area. The cars are spread across multiple lanes, with some vehicles appearing to slow down or stop, indicating potential traffic congestion or hazardous driving conditions. The arrangement shows a dense flow of traffic, especially on the right side of the highway, where vehicles are more closely packed. Visual elements like lighting include the headlights and taillights of the vehicles, which are more prominent due to the overcast and rainy conditions. The colors are muted, dominated by grays and dark tones, reflecting the wet and gloomy atmosphere. The overall scene context suggests inclement weather, likely contributing to reduced visibility and potentially hazardous driving conditions, leading to a negative sentiment associated with the image.	75th Ave
2320	0	1703971.jpg	The image is a compilation of four scenes featuring two young men in what appears to be a dramatic interaction. The main subjects are arranged in a grid layout, with one man in the top left and bottom left panels, and the other man in the top right and bottom right panels. In the top left, the man is seen scratching his head with a contemplative expression. In the top right, he is shown with a serious or intense look, possibly listening or reacting. The bottom left panel features the same man speaking, holding a piece of paper. The bottom right panel shows the other man with a slightly tense or strained expression as if he's in the middle of a conversation or argument.The lighting is consistent across the scenes, using a dim and moody tone that enhances the dramatic atmosphere. The colors are desaturated, focusing on muted blues and grays, which contribute to a somber and intense mood. The overall scene context suggests a moment of intense conversation or confrontation, with both characters engaged deeply in the discussion. The text in the image hints at a plot involving a stop sign and the use of claws, implying themes of action or supernatural elements.	Garrett
2617	0	36320.jpg	1 The main subjects in the image are the numerous high-rise buildings densely packed together, creating a sense of urban congestion. The buildings rise closely in a somewhat uniform manner, contributing to a feeling of monotony and cramped space.2 The visual elements include dim and subdued lighting, with the scene appearing overcast due to heavy cloud cover. The colors are muted, dominated by grays and dark tones, enhancing a gloomy and somber mood. There is minimal contrast between the buildings and the sky, emphasizing the bleakness of the setting.3 The overall context of the scene depicts a cloudy, possibly rainy day in a bustling cityscape. The lack of visible sunlight and the dense, crowded arrangement of towering structures evoke a sense of gloom and urban isolation. The atmosphere seems oppressive, reflecting a negative sentiment.	Hong Kong
206	1	841659.jpg	The main subjects are two prominent triangular shapes, one blue and one green, set against a vibrant yellow background. The triangles intersect slightly, creating a dynamic composition where the blue triangle is on the left and the green triangle is on the right. The background is uniformly yellow, providing a bold contrast against the cooler tones of the triangles. The scene lacks additional elements, keeping the focus on the simplicity and geometric arrangement. The lighting appears even and consistent, enhancing the vivid colors and clean lines of the shapes. The overall context is minimalist and abstract, emphasizing the interplay of primary colors and geometric forms.	# google
567	1	68079.jpg	The main subject in the image is a man standing outdoors with a background of green foliage. He is smiling and wearing a checkered shirt with a collar. The lighting appears natural and soft, highlighting his facial features without creating harsh shadows. The colors in the image are balanced with the greenery in the background complementing the earthy tones of his shirt. The overall scene suggests a casual, pleasant setting, adding to the neutral sentiment of the photo.	Harvard
865	1	548.jpg	The main subjects in the image are five members of a band, all leaning forward with microphones, seemingly engaged in performing or singing. They are seated closely together on a stage with musical instruments like guitars visible. The lighting is dynamic, with blue and white spotlights illuminating the group from different angles, creating a dramatic effect. The overall scene suggests a live concert or performance with a focus on the band's interaction with the audience, set in a concert venue with vibrant stage lighting.	Buenos Aires
1305	1	552533.jpg	This image is a promotional poster for the "American Warrior Festival." At the top, the title is prominently displayed with bold, red and blue lettering against a backdrop featuring an American flag design, which includes a silhouette of a soldier holding a weapon. The event date "Aug 22nd 2PM - 1AM" is listed beneath the festival name, followed by a description highlighting it as a music/craft beer BBQ festival to celebrate the troops.Below the main title, the featured musicians are listed, including Weapon-X, Socially Unacceptable, Murder Most Foul, and others. Each artist name is arranged in columns for easy reading. To the right, there is a text box with "Tasting Patio Hours" noting the time and location details, as well as sponsor logos such as Victory Brewing Co., Sgt. Gritt, and Iron Fist Brewing Co.Visual elements include a contrast of dark and bright colors, with shades of red and blue dominating the background. The lighting is subdued, focusing attention on the central text and the silhouette of the soldier. The overall scene context suggests a patriotic theme associated with honoring military personnel, reflected through the imagery, color scheme, and event details.	Pendleton Marines
1864	1	771939.jpg	The main subjects in the image are two individuals seated at a table, likely engaging in a discussion or presentation. They are positioned at the forefront, with one person on the left and the other on the right side of the scene. Behind them is the emblem and wall of the United Nations, creating a formal and official setting. Surrounding them are two large digital screens displaying names and flags, possibly indicating the participants of the conference or attendees relevant to the event.The lighting in the image is warm and focused on the individuals at the table, enhancing the importance and formality of their presence. The background is predominantly gold and dark hues, contributing to a rich and serious atmosphere. The colors on the screens add vibrant contrast against the otherwise neutral and authoritative backdrop.Overall, the scene suggests a formal conference or meeting taking place at the United Nations. The presence of flags and names indicates an international gathering, underlining themes of diplomacy, cooperation, and global engagement.	UN
2002	1	15286.jpg	The image features a side-by-side comparison of words with their British and American English equivalents. It is divided into two sections, labeled with the British flag on the left and the American flag on the right. The words are arranged in a list format, each corresponding to its counterpart in the other column. For example, "autumn" is matched with "fall," and "biscuit" with "cookie." The white background ensures the text is clear and easily readable. The overall arrangement is symmetrical, with both columns evenly balanced in terms of content and length. There is no additional visual or aesthetic element beyond the textual information, maintaining a straightforward and informational context. The color scheme is minimalistic, focusing solely on the black text against a white backdrop, with flag icons in grayscale to distinguish the sections.	British English
2173	1	29716.jpg	The main subjects in the image are four individuals seated at a bar: two women and two men. The women are facing each other, while the men, one on each side of the table, are engaged in a conversation with the women. The setting appears to be a casual dining area with a wooden table, decorated with various glasses of drinks, a water bottle, and small plates.The lighting is bright and natural, suggesting the presence of large windows or ample ambient light coming from outside. The colors in the image are vibrant, with blue walls prominently featuring a large "X" design. This contributes to a lively and inviting atmosphere, typical of a lively social setting.The overall scene context is a relaxed gathering where friends might meet to chat and enjoy drinks. The casual arrangement and the comfortable body language of the individuals suggest a laid-back environment conducive to social interaction.	DJ Zinhle
2416	1	29361.jpg	The main subject in the image is an advertisement featuring a cyclist dressed in a black long-sleeve jersey with the "Troy Lee Designs" logo and bright neon yellow shorts. The cyclist is holding a mountain bike, which is positioned next to them on a dirt trail with vegetation in the background. The cyclist is wearing a white helmet, black gloves, and sunglasses, creating a striking contrast against the vibrant colors of the clothing and bike.The lighting in the advertisement is natural, giving the image a bright and clear look that highlights the details of the cycling gear and the rugged outdoor setting. The colors are vivid, with the neon yellow shorts and the black gear standing out against the earthy tones of the trail and the greenery in the background.The overall scene context appears to be promoting outdoor cycling, specifically mountain biking. The ad showcases the brand's gear suitable for such activities, emphasizing durability and style. The setting suggests adventure and active lifestyle, which aligns with the brand's identity for outdoor sports enthusiasts. The design of the ad is sleek and professional, aiming to attract customers interested in high-quality cycling equipment.	MBA
2554	1	71408.jpg	The image features a young woman as the main subject, standing against a plain, light background. She is wearing a sailor-style hat with a gold emblem on the front. Her arms are raised, one resting behind her head and the other touching her face, showcasing colorful tattoos on her arms. The tattoos are intricate and vivid, adding a bold visual element to the image. She has long, dark hair styled in a side braid and is dressed in a sleeveless black top with a unique, possibly distressed design. The lighting is soft, creating a gentle and natural look, highlighting her features without harsh shadows. The overall scene appears to be a casual portrait with an emphasis on her fashion and body art, providing a laid-back and artistic vibe.	Cleveland
2783	1	119798.jpg	The main subjects in this image are two women sitting and facing each other in what appears to be an indoor setting. The woman on the left has long dark hair and is wearing a black and white patterned dress, while the woman on the right has short hair styled up and is wearing a red dress with a pearl necklace. They are seated across from each other at a table.The lighting is soft and warm, highlighting the subjects without causing harsh shadows. The colors in the image are rich, with a prominent contrast between the black and white patterns on the left woman's dress and the vivid red of the right woman's dress. The background features abstract art with earthy tones, adding to the sophisticated ambiance of the scene.Overall, the scene suggests an intimate or serious conversation in a classy, well-decorated room, likely a private setting such as a home or upscale venue.	Joseline
2907	1	70414.jpg	The main subjects of the image are two men in suits, both positioned in the center and right side of the frame. The man in the center appears to be speaking passionately into a microphone, raising his other hand and holding papers, suggesting he is delivering a speech or presentation. The other man is seated nearby, leaning back with a neutral expression, one hand resting on his chin, and the other holding a small stack of papers.The scene takes place indoors, likely in a large hall or auditorium, with a group of people seated in the background, attentively watching the speaker. The audience members are diverse, with some wearing casual attire and others more formal, indicating a mixed setting.The lighting is bright and even, highlighting the speaker and creating a clear view of the participants. The overall color palette is warm, with yellowish tones from the walls and ceiling, contributing to a vibrant and energetic atmosphere.The context appears to be a formal or semi-formal event, possibly a public speech, rally, or communal gathering. The presence of the microphone and the engaged audience suggest an organized activity centered around the standing man's address.	# mayor
3042	1	556359.jpg	The image depicts a coastal scene featuring a narrow sea cave with towering, rugged rock formations on either side. The main subject of the cave is centrally framed, creating a natural pathway that leads to the serene blue waters beyond. The rocks are a mix of reddish and orange hues, with textures that suggest erosion, indicative of their weathering by the elements over time. The lighting is warm and natural, likely from the sun, casting soft light on the rocks and creating reflections on the water's surface, enhancing the tranquil atmosphere. The blue of the sea contrasts with the warm tones of the rocks, adding a calming visual element. The overall context is a picturesque coastal area, emphasizing the beauty and tranquility of natural formations.	Corse
380	2	314364.jpg	The main subjects are people walking under a canopy of cherry blossom trees on a pathway beside a body of water, with one person holding a colorful umbrella. The trees arch gracefully over the path, creating a tunnel-like effect. The lighting is soft, diffusing evenly across the scene, likely due to an overcast sky, which enhances the serene mood. The color palette is dominated by pastel pinks of the cherry blossoms, contrasting with the green grass and muted tones of the pathway and water. The overall scene conveys a peaceful, picturesque setting typical of a tranquil spring day, evoking feelings of calm and beauty.	Washington DC
846	2	1063886.jpg	The main subjects are metallic origami birds with iridescent feathers hanging in various poses. The birds display intricate designs, with some shown in flight, their wings spread wide as if mid-air. The arrangement suggests they are suspended by strings against a lush, green backdrop of foliage. The lighting highlights the reflective, shimmering quality of the birds, emphasizing their metallic and pastel hues, primarily blues, purples, and golds. The overall scene conveys a sense of elegance and whimsy, blending art with nature.	Shattered CD Art
886	2	1855943.jpg	The main subject in the image is a woman who is smiling and appears to be leaning against a metallic pole. The background shows an indoor setting with cream-colored walls and some fixtures. The lighting is relatively soft and ambient, highlighting her face with a warm tone. The color palette is muted, with beige and off-white hues dominating the scene, contrasted by the dark color of her clothing, which features a small crucifix necklace. The overall context suggests a relaxed and cheerful atmosphere, possibly captured during an informal or candid moment.	SBU
1398	2	1291819.jpg	The main subject is a person wearing a brown jacket and a hat, standing on a pathway beside a building labeled "GRILL". The individual is holding a snow shovel, suggesting involvement in clearing snow. The scene is surrounded by remnants of snow, indicating a cold or winter setting. The lighting is bright and appears to be natural sunlight, casting shadows on the ground, while the overall color palette is dominated by earthy tones such as brown and red, juxtaposed with the white snow. The background features a brick building with visible windows and signage for "COLBERT," enhancing the urban context of the scene. The overall sentiment is positive, with the person seemingly content and engaged in a routine task amidst a serene, wintry atmosphere.	John
1479	2	644278.jpg	The image features a woman posing expressively in front of a vibrant graffiti wall. She is wearing a white crop top with a crochet skirt and black boots, striking a playful and dynamic pose with her hands behind her head. Her blonde hair flows freely, adding to the lively atmosphere. Beside her, there's an individual partially visible, capturing the moment with a camera or phone, suggesting the candid nature of the scene. The graffiti background bursts with bold colors like pink, blue, purple, and green, creating a striking contrast and energetic backdrop. The lighting is bright, highlighting the vividness of the wall and the subject's outfit. The overall context is urban and artistic, conveying a sense of creativity and freedom.	# ASOS
1961	2	654966.jpg	The image features a map highlighting the area around the Romsey Labour Club with a red arrow pointing towards it. Below the map, there is a text heading that reads "The Future of Romsey Labour Club." The text emphasizes that the developer is seeking community input on future developments, suggesting various facilities such as a childcare co-op, live-work units, a local enterprise hub, and more. The map is shaded in light tones of green and orange, indicating different streets and areas, with buildings depicted in various shades highlighting residential and commercial spaces. The overall context suggests a community-focused initiative aimed at improving local facilities and gathering ideas from residents.	Nick Ellis
2070	2	648219.jpg	The main subject of the image is a person wearing a white racing suit adorned with brand logos, a teal cap with a Mercedes emblem, and sunglasses. They are smiling and appear to be posing for the photo. This person is on the left side of the frame. Behind them, slightly out of focus, is another individual who is holding a white fabric and wearing a watch, suggesting that this might be an event or a race setting.The lighting in the image is natural, likely indicating that the photo was taken outdoors on a sunny day. The colors are vibrant, with the white of the racing suit and cap standing out against the softer, more muted tones of the background and the presence of the teal cap adding a pop of color.The overall scene suggests a positive and celebratory context, likely related to motorsports, given the racing attire and the presence of the Mercedes logo. The mood is relaxed yet confident, as evidenced by the main subject's smile and casual pose.	Sebastian Vettel
2401	2	72889.jpg	The main subject of the image is a large cargo ship named Dockwise Vanguard, prominently positioned in the center and slightly angled to the left. The ship's bow is visible, showcasing its massive size and structure, with the name clearly displayed on the bow. The upper deck is white, contrasting with the bright orange hull, creating a striking and bold visual appearance. The ship is docked in a port, identifiable by the industrial buildings and structures in the background. The lighting is bright, enhanced by the clear blue sky, which dominates the upper part of the image. The image conveys a sense of strength and functionality with its emphasis on the ship's impressive presence and color palette, highlighting its role in maritime transportation.	Rotterdam Dockwise Vanguard
2438	2	322679.jpg	The main subject is a San Miguel beer glass placed centrally on a small, cushioned table. The glass is partially filled with a golden, effervescent liquid topped with a creamy white foam. The table and the background feature a rich, vibrant red leather material with the initials "CF" subtly embossed, creating a luxurious and cohesive look. The lighting in the image is soft and even, enhancing the warm glow of the beer and emphasizing the rich color scheme. The overall scene suggests a relaxed and inviting atmosphere, perfect for enjoying a refreshing drink in a comfortable setting.	England
2527	2	810527.jpg	The main subject of the image is a large, reflective metallic sculpture of a hand holding a pink balloon. The sculpture is prominently displayed, capturing attention with its shiny surface that reflects the surrounding environment. In the background, there is a building with the word "ISRAEL" painted in colorful letters, surrounded by greenery including tall plants and trees. The sky is mostly clear with a few clouds, suggesting a bright and sunny day, enhancing the vibrant colors and reflections on the sculpture. The overall scene is in an outdoor setting with a few people visible, indicating a public area or event. The combination of art, nature, and architecture creates a lively and festive atmosphere, emphasizing creativity and openness.	Milan
2611	2	1884959.jpg	The image features a text passage with a heading at the top that reads "COMEDY CENTRAL" with the "C" logo incorporated into the word. Below this heading is a paragraph expressing appreciation and admiration for Jon Stewart, highlighting his impact on Comedy Central and his contributions to 'The Daily Show.' The text praises his comedic brilliance, influence, and dedication, noting that he will remain involved with 'The Daily Show' until later in the year. The passage ends with a dedication to Comedy Central. The overall color scheme is simple, primarily using black text on a white background, with a blue banner at the bottom. The lighting is even, ensuring clear readability, and there are no additional visual embellishments or distractions. The context suggests a formal acknowledgment or tribute within a professional setting.	Jon
2825	2	94207.jpg	1 Main subjects and their arrangement:The image shows two older men facing each other closely, appearing to be engaged in a serious conversation. One man wears a dark beret and a dark, open-collared shirt, while the other is in a light-colored, checkered, short-sleeved shirt and a light cap. Behind them is a third person, slightly out of focus, observing the interaction.2 Visual elements like lighting and colors:The photograph is in black and white, which adds a timeless and somewhat dramatic quality to the image. The lighting appears to be natural, likely coming from an outdoor setting with diffused sunlight, creating soft shadows on the subjects' faces. This enhances the texture of their skin and clothing while maintaining a balanced exposure.3 Overall scene context:The scene appears to be casual and possibly takes place outdoors, given the presence of what looks like buildings in the background. The interaction between the two men seems significant, suggesting a moment of connection or exchange between them. The third person in the background adds depth to the scene, indicating that this interaction is being observed by others.	Hemingway
